visit_date,visitor
28/Jul/1995,pcmas.it.bton.ac.uk
28/Jul/1995,poppy.hensa.ac.uk
28/Jul/1995,edams.ksc.nasa.gov
27/Jul/1995,edams.ksc.nasa.gov
27/Jul/1995,192.223.3.88
27/Jul/1995,jalisco.engr.ucdavis.edu
26/Jul/1995,piweba3y.prodigy.com
26/Jul/1995,arctic.nad.northrop.com
26/Jul/1995,piweba4y.prodigy.com
25/Jul/1995,jbiagioni.npt.nuwc.navy.mil
25/Jul/1995,piweba3y.prodigy.com
25/Jul/1995,arctic.nad.northrop.com
24/Jul/1995,198.133.29.18
24/Jul/1995,edams.ksc.nasa.gov
24/Jul/1995,currypc.fpl.msstate.edu
23/Jul/1995,currypc.fpl.msstate.edu
23/Jul/1995,piweba3y.prodigy.com
23/Jul/1995,piweba4y.prodigy.com
22/Jul/1995,currypc.fpl.msstate.edu
22/Jul/1995,piweba3y.prodigy.com
22/Jul/1995,piweba4y.prodigy.com
21/Jul/1995,siltb10.orl.mmc.com
21/Jul/1995,vagrant.vf.mmc.com
21/Jul/1995,piweba3y.prodigy.com
20/Jul/1995,siltb10.orl.mmc.com
20/Jul/1995,piweba3y.prodigy.com
20/Jul/1995,vagrant.vf.mmc.com
19/Jul/1995,siltb10.orl.mmc.com
19/Jul/1995,piweba3y.prodigy.com
19/Jul/1995,piweba4y.prodigy.com
18/Jul/1995,siltb10.orl.mmc.com
18/Jul/1995,piweba3y.prodigy.com
18/Jul/1995,piweba4y.prodigy.com
17/Jul/1995,siltb10.orl.mmc.com
17/Jul/1995,piweba4y.prodigy.com
17/Jul/1995,piweba1y.prodigy.com
16/Jul/1995,piweba3y.prodigy.com
16/Jul/1995,piweba4y.prodigy.com
16/Jul/1995,siltb10.orl.mmc.com
15/Jul/1995,piweba4y.prodigy.com
15/Jul/1995,piweba3y.prodigy.com
15/Jul/1995,siltb10.orl.mmc.com
14/Jul/1995,piweba4y.prodigy.com
14/Jul/1995,siltb10.orl.mmc.com
14/Jul/1995,piweba3y.prodigy.com
13/Jul/1995,piweba3y.prodigy.com
13/Jul/1995,rush.internic.net
13/Jul/1995,piweba4y.prodigy.com
12/Jul/1995,indy.gradient.com
12/Jul/1995,bill.ksc.nasa.gov
12/Jul/1995,marina.cea.berkeley.edu
11/Jul/1995,bill.ksc.nasa.gov
11/Jul/1995,indy.gradient.com
11/Jul/1995,marina.cea.berkeley.edu
10/Jul/1995,e659229.boeing.com
10/Jul/1995,163.185.36.150
10/Jul/1995,alyssa.prodigy.com
09/Jul/1995,alyssa.prodigy.com
09/Jul/1995,piweba4y.prodigy.com
09/Jul/1995,piweba3y.prodigy.com
08/Jul/1995,piweba3y.prodigy.com
08/Jul/1995,alyssa.prodigy.com
08/Jul/1995,piweba1y.prodigy.com
07/Jul/1995,piweba3y.prodigy.com
07/Jul/1995,alyssa.prodigy.com
07/Jul/1995,piweba1y.prodigy.com
06/Jul/1995,piweba3y.prodigy.com
06/Jul/1995,alyssa.prodigy.com
06/Jul/1995,piweba1y.prodigy.com
05/Jul/1995,news.ti.com
05/Jul/1995,piweba3y.prodigy.com
05/Jul/1995,alyssa.prodigy.com
04/Jul/1995,piweba3y.prodigy.com
04/Jul/1995,alyssa.prodigy.com
04/Jul/1995,pcrb.ccrs.emr.ca
03/Jul/1995,piweba3y.prodigy.com
03/Jul/1995,134.83.184.18
03/Jul/1995,alyssa.prodigy.com
02/Jul/1995,piweba3y.prodigy.com
02/Jul/1995,alyssa.prodigy.com
02/Jul/1995,piweba1y.prodigy.com
01/Jul/1995,piweba3y.prodigy.com
01/Jul/1995,piweba4y.prodigy.com
01/Jul/1995,alyssa.prodigy.com
